{"cameraMode":{"drawMode":0,"name":"Shaded","section":"Shading Mode"},"sceneLighting":false,"audioPlay":false,"sceneViewState":{"showFog":true,"showMaterialUpdate":false,"showSkybox":false,"showFlares":true,"showImageEffects":true,"showParticleSystems":true,"showVisualEffectGraphs":true,"m_FxEnabled":true},"in2DMode":false,"pivot":{"x":-2.2799999713897707,"y":2.369999885559082,"z":-0.06999999284744263},"rotation":{"x":-0.013353080488741398,"y":-0.9385796189308167,"z":-0.04107643663883209,"w":0.3415946960449219},"size":1.2247449159622193,"orthographic":false}