{"cameraMode":{"drawMode":0,"name":"Shaded","section":"Shading Mode"},"sceneLighting":true,"audioPlay":false,"sceneViewState":{"showFog":true,"showMaterialUpdate":false,"showSkybox":true,"showFlares":true,"showImageEffects":true,"showParticleSystems":true,"showVisualEffectGraphs":true,"m_FxEnabled":true},"in2DMode":false,"pivot":{"x":-0.16722631454467774,"y":1.9883513450622559,"z":20.04644203186035},"rotation":{"x":0.022475389763712884,"y":-0.9135732054710388,"z":0.0428517684340477,"w":0.4030780494213104},"size":2.840585231781006,"orthographic":false}