{"cameraMode":{"drawMode":0,"name":"Shaded","section":"Shading Mode"},"sceneLighting":true,"audioPlay":false,"sceneViewState":{"showFog":true,"showMaterialUpdate":false,"showSkybox":true,"showFlares":true,"showImageEffects":true,"showParticleSystems":true,"showVisualEffectGraphs":true,"m_FxEnabled":true},"in2DMode":false,"pivot":{"x":-17.419031143188478,"y":10.357109069824219,"z":-0.38630354404449465},"rotation":{"x":-0.0797492042183876,"y":-0.7179779410362244,"z":0.08361244201660156,"w":-0.6863893270492554},"size":1.9072084426879883,"orthographic":false}