{"cameraMode":{"drawMode":0,"name":"Shaded","section":"Shading Mode"},"sceneLighting":true,"audioPlay":false,"sceneViewState":{"showFog":true,"showMaterialUpdate":false,"showSkybox":true,"showFlares":true,"showImageEffects":true,"showParticleSystems":true,"showVisualEffectGraphs":true,"m_FxEnabled":true},"in2DMode":false,"pivot":{"x":10.601143836975098,"y":5.884456157684326,"z":-11.102396011352539},"rotation":{"x":0.1432444304227829,"y":-0.44131791591644289,"z":0.07153795659542084,"w":0.8829280734062195},"size":1.1407666206359864,"orthographic":false}